,Quarter_ID,Stock_ID,feature_1,feature_2,feature_3,feature_4,feature_5
0,1,21,-1.8432557385656367,2.8511416594146826,2.3765125110919234,0.018908710597437702,6.0
1,1,75,-0.252576830653616,4.432416674328785,7.673184506337706,1.1560904468080104,4.0
2,1,419,-0.9875280460290128,1.6197665376057822,1.6588463022441016,0.011084486735891907,1.0
3,1,201,1.5480337289030697,2.073356603488449,5.230313540475867,0.244911767352062,1.0
4,1,236,0.3303903932582113,,6.988058690856858,0.0184510757802141,2.0
5,1,331,-0.8327973579379742,1.4294938166527222,5.005249447652478,,2.0
6,1,30,-1.9439386582380356,3.651083451420965,3.4083459608464124,0.0730784738311252,2.0
7,1,94,0.5520812502275927,4.667535025984401,4.231718651924567,0.15219323585528374,3.0
8,1,257,,1.1021200620285168,7.185615282088526,0.03194716122663421,4.0
9,1,474,,-1.2616871144952873,1.579132173995233,0.30085690956630584,2.0
10,1,299,-0.7183846869606398,-0.05074684833173215,0.9604445310149368,0.1014220792157079,1.0
11,1,118,-1.6970680300936465,5.103695887182316,5.763714771649151,0.1578537613729687,
12,1,497,0.02247495378786501,1.8610574995372167,2.306008019302088,,4.0
13,1,345,1.3440126983386635,3.5270071145738724,2.3011712282659493,0.2836256875921894,
14,1,34,-1.7790010642638148,2.8531888846237363,1.9299144745684182,,2.0
15,1,92,1.4320769919652752,3.661159971519392,,0.1691295666023278,1.0
16,1,346,-0.9316823594815716,2.5613624671559148,2.4377526791143658,,5.0
17,1,284,1.4101407746384567,5.910245199315067,2.2710324184107185,2.2911921195369502,2.0
18,1,320,1.3824627630329291,1.2476457950548658,0.8912152253081855,1.8193016434684208,2.0
19,1,211,,0.9314760507339352,1.7010491461607624,,
20,1,229,0.8787362647097865,,4.934274397630068,0.16157985469388206,8.0
21,1,3,-1.983110255878762,2.087020058130958,,0.4822193743463135,4.0
22,1,384,-0.10631595668144644,2.181493045808911,2.8721686450488835,0.1824159108539836,1.0
23,1,83,0.5404366181348799,3.0514305354520164,6.333586639732825,0.11633540302942015,
24,1,142,-1.5247271889667218,4.025118729056077,4.622848768733538,0.006859146667099081,5.0
25,1,412,0.8835532038523262,1.9692964688295405,1.8053586995379252,0.25588732897112143,5.0
26,1,464,1.3163133841908183,2.2984265057831603,1.9690516415594503,0.3081235820773396,2.0
27,1,317,-0.869703638977465,1.5295701470892322,4.053654976104173,0.03013417272017982,5.0
28,1,11,1.6498448244908648,-0.10268605713317712,6.070973790784178,0.23706363428391564,5.0
29,1,130,-1.1575467681705858,2.435792965927903,1.3871492053609291,0.846332007852493,1.0
30,1,290,1.075831922971619,5.137528826884526,1.8314853553085848,,2.0
31,1,494,-1.6746829927801148,1.6289233462226227,,0.4685547274937845,
32,1,263,1.7237975598053707,3.9781050297164766,3.696606988755276,0.12285235662355998,1.0
33,1,212,1.0192253647685459,-3.0661608052484564,4.14656190847816,0.9261352815069784,2.0
34,1,371,1.9527446600808016,2.4140119750871607,0.8963708189655495,0.31539968458247536,3.0
35,1,131,0.5417065612409244,,1.6677518982471289,0.013225135602728866,3.0
36,1,338,-1.1323709321556317,4.704520467275273,1.6767944681141562,0.15981680759867722,
37,1,311,-0.8029917190637454,2.008452050569165,3.6418911621788435,0.07599325879534803,4.0
38,1,71,1.8453123399393239,7.145594583725049,3.4993691062222965,0.3425407668580633,
39,1,252,0.07661152799025439,5.090538608917092,4.200703736379408,0.09669643100877856,2.0
40,1,382,1.498158352723642,1.8973002399496608,4.50294327322492,,2.0
41,1,421,-1.8155307261052755,0.7869656171953738,1.4266397046417634,0.013112909276346452,3.0
42,1,126,,4.4671335129397445,1.4580190721009871,0.20926188976513216,2.0
43,1,470,-1.4453897128492268,2.2281412319135137,3.088028805620893,0.2225791157841055,3.0
44,1,195,,3.5796931844472657,0.6773138320708976,0.4941943114852061,4.0
45,1,4,-0.38035125032734296,3.2024092062880714,4.553378200461268,0.6607656184931634,1.0
46,1,96,-0.13181411024601175,1.0035777971227842,5.7367608831319234,0.1268818183944429,
47,1,271,-1.567360302503975,2.322322295175011,8.08905063012304,0.9847078754475188,6.0
48,1,39,-0.2904115728272072,5.655500202290898,5.438892688056192,0.4581740623463568,5.0
49,1,152,-1.4101475259642804,,1.1232933793719886,0.2555393883454717,6.0
50,1,318,0.6942380095026506,3.1879577040804223,3.8077973096589615,0.04458758196746948,2.0
51,1,319,-0.14518342305510146,4.657781725722503,2.553019075487319,0.15439361835369847,4.0
52,1,253,1.6644434518933209,1.4701157092557235,2.4357658849828945,0.11769630031555688,6.0
53,1,411,,0.723471515959826,3.1433939518346854,0.034643750971385716,2.0
54,1,214,-1.1463072080182402,-0.2457094096785699,6.540335499773559,0.034625523908558664,0.0
55,1,471,1.2835537998732462,1.4586315262241272,7.8828538087360345,0.04521232154387645,
56,1,12,,2.4968087956818064,5.479793509136708,0.6050331953058794,2.0
57,1,176,0.050076453014696654,2.7315187621352446,3.6715321480447582,0.008489121723510573,4.0
58,1,332,1.0495045533435436,2.2387424771551765,,0.3829845135919205,1.0
59,1,246,0.296493575157891,2.7578263245769623,,0.2720618810200517,3.0
60,1,500,0.5718919402272191,2.043752849213118,8.245204481549804,0.35083550785331896,3.0
61,1,113,-1.5966408547196145,0.9130435721498418,4.045834282354395,0.17864037607345715,2.0
62,1,435,0.5998587257663988,,,0.6476413384573441,7.0
63,1,459,1.1536152965539332,3.255796529140029,0.8937516121559523,0.011611139164694695,
64,1,24,1.4354263886343697,,5.595824767440736,0.013057562656888731,3.0
65,1,185,1.175058025838358,2.5216771241310028,,,6.0
66,1,45,-1.097521545370471,0.5984530242751496,2.2122171196285816,0.10596141987728468,1.0
67,1,53,1.874336502277523,6.887645759002191,,0.3407383228597889,0.0
68,1,279,0.6872786559264807,1.1330577634480132,0.7136507266690673,0.3220281427692002,3.0
69,1,120,0.15519281938211815,3.0616996604006737,4.187984482786518,0.1544705941694433,0.0
70,1,128,0.013623846162952535,3.089284834270883,2.2857976472109214,0.3130655461952283,7.0
71,1,467,-1.5560365854674485,0.8294847039307456,1.5189380584287804,0.13266334586169548,2.0
72,1,61,-0.5217316935324918,2.7631537266702764,1.7022958238271184,0.0308685663826036,3.0
73,1,72,-0.3085092892455572,4.1864548396888335,0.7417770932865838,0.3812890490796226,1.0
74,1,112,0.5496046421624685,3.49234942276622,4.081761125153279,0.2409280785907131,4.0
75,1,149,1.9603002774890408,3.2019948546386128,13.170507695464694,0.06921773126966603,1.0
76,1,56,-1.92174460963214,2.2700466951123075,3.336218433988983,0.14450391308813226,1.0
77,1,496,-0.5575264983317783,1.4376025869794309,1.610805458937007,0.07633233101908354,7.0
78,1,76,-1.3504959263069083,3.616857829848304,,0.08321016751620891,6.0
79,1,28,0.1565823528751067,4.07715094036338,2.461935595185027,0.8243615170701106,3.0
80,1,38,1.525926336710978,4.766385764201156,5.4397243228274,0.3579508780415219,0.0
81,1,141,-1.0530020553866737,5.157758802412264,6.924316498601081,0.129273614145603,3.0
82,1,436,-0.19737865985796432,3.2347147226426998,,0.16208847282337113,4.0
83,1,173,1.9219234472614088,-0.17088482045985876,4.2183660563595495,0.13281473825220425,1.0
84,1,206,-1.7442568954225297,3.532056724581303,1.0177063386417011,0.018693862141134557,3.0
85,1,278,-1.0204027522848325,2.171028519663207,5.735148129517878,0.00015151059366425024,4.0
86,1,64,0.7923502569091108,2.105731319524596,,0.05256812962169066,3.0
87,1,49,-0.4866761100493688,6.369815484831934,2.58003837588656,,2.0
88,1,134,0.3837340815315149,1.6029478476625052,3.821741066191663,0.005936005697784186,
89,1,288,-0.8677906957789441,3.700356912693141,10.026302392158003,0.15551294341815305,3.0
90,1,361,1.5572827060475527,5.340044924756431,1.0327884748103826,,3.0
91,1,418,1.8279588980966557,6.7623691695708255,5.297814611793903,1.7437973377273703,3.0
92,1,425,0.6486658582707121,5.272293517473422,1.1019618034591692,0.22197513017959247,3.0
93,1,67,-0.4476772950780488,5.705588045441357,3.3338388510333705,0.3115343444197129,3.0
94,1,80,-1.275972569534003,3.3081430997450183,5.91897380350932,0.016444462510830427,
95,1,376,0.21567526517408764,4.9238742383470795,0.7896593825473432,0.018396327719862212,1.0
96,1,228,-1.5088421529767704,3.275366292794797,2.6173253666939846,0.1889117361025181,2.0
97,1,326,1.232763008110585,1.9033684961203483,4.5366636872475565,0.31691887238434724,2.0
98,1,54,-0.04454382474747298,,0.7812439906934137,0.471809153265691,3.0
99,1,90,-0.8057618263572488,0.9329875566821864,1.4682714218919413,,
100,2,102,,-0.4984468405010362,7.928897703445682,0.021653133936910814,4.0
101,2,308,1.81582161943242,9.399957394598662,2.319571978662433,0.3682172599635496,6.0
102,2,114,-1.068756250336294,0.5995580453494478,8.488029475354393,0.29074912015902843,4.0
103,2,270,-1.533785711626961,4.3379584875770405,1.134480435707452,0.6956061969412113,1.0
104,2,130,,1.9964121644977573,2.148181124228805,0.3552090372263141,1.0
105,2,67,,,8.046273619098258,0.8732198239979163,3.0
106,2,423,-0.3148540851043613,5.09206350340137,0.5568856953099512,0.16539637089652004,4.0
107,2,288,0.4592687252134491,3.706693002745733,4.534509240412244,0.12086218026474893,5.0
108,2,303,-0.6531476132303164,1.3578852330012492,2.7528247167011557,0.4229563057064263,3.0
109,2,42,-1.4184223178940276,4.2034572446498055,0.7284977652532408,1.3849197945869025,1.0
110,2,40,-1.2236346662652124,1.705974400886859,0.4274173604740336,1.4810320644652624,1.0
111,2,228,,2.626078534349455,6.787324750688394,0.27640599423870804,3.0
112,2,180,1.5811748825996403,2.510647911026288,1.4929286952715566,0.2889757846179553,5.0
113,2,110,,-1.6594290060819583,,,3.0
114,2,197,-1.3566971862888009,,5.804805951846322,0.12460004164817695,2.0
115,2,217,0.7030837542118196,4.742456297435245,8.799298427968251,0.2852646214132153,5.0
116,2,312,1.97452416812464,2.1684570630890088,6.951219355657308,0.026372033705926782,3.0
117,2,135,-1.9454880274314343,2.1388893453351296,4.394497710271827,0.7658617042579481,
118,2,45,,2.0997190358328184,,0.0220191251660864,
119,2,441,-0.2598943789717585,0.8937946227708196,5.8701376725447245,,
120,2,181,1.995119151947904,,10.64293776359558,0.2338852631047619,4.0
121,2,328,-1.0214665486098586,5.955695898403418,7.546673337410087,0.3161925600892881,3.0
122,2,466,-0.286454665426652,6.559460609598265,4.336499331886946,0.010772926240168346,3.0
123,2,477,-1.276386358892904,4.959040242305407,0.8974241645760808,,1.0
124,2,455,1.0282198200513486,1.5354403014041458,2.804835631516465,1.0375611963222529,
125,2,132,-0.5924937281459068,4.8024810200603865,1.073447846355564,0.011286271489495014,1.0
126,2,219,1.8454255288622416,4.23065664627576,1.300035104599783,,7.0
127,2,348,-0.3336204095188417,1.8324147313360688,2.7592738248222237,0.12393979679519228,2.0
128,2,383,-0.9624764998725248,5.394970322971318,,0.4549330123277053,3.0
129,2,49,-0.1786958595996908,3.623862280120331,1.9043609507114576,,4.0
130,2,285,-0.9675044114188992,4.114191399958424,11.093685575427392,0.1805486483391792,3.0
131,2,366,0.18870185383906699,2.448735076052805,3.4412384520711563,0.486135736586993,3.0
132,2,232,1.1333617190215848,5.667645625881206,0.6130231324832781,0.035993364972236375,4.0
133,2,475,1.0456042487185817,4.208726294239966,1.432782391369232,0.2499711947122396,5.0
134,2,220,0.1744820053387124,-2.1162357181514864,3.7164325523125448,0.037306903935561575,5.0
135,2,167,0.8745050426558909,5.816594006547133,3.702133287554603,0.17597619933202455,2.0
136,2,86,1.348708786151617,3.3729740491741285,3.1004354323078545,0.014752483625296131,4.0
137,2,11,1.3687785713408256,1.4142875176050291,5.519704971472002,0.18667566937446112,3.0
138,2,491,0.8398878485326358,2.4069829728200194,1.4823125567268778,0.09497100924159407,0.0
139,2,96,0.1940977650150355,2.4684280296831203,0.4856816546178899,0.4907295582020712,6.0
140,2,182,-1.359339509010434,3.337292287185945,3.846099377842301,0.09105311865103972,6.0
141,2,415,-1.1018602746695922,-0.3684557560632236,7.0570256193283365,0.6749833688911049,3.0
142,2,121,-0.4643620152579824,1.7409758122415468,,0.05276131585430255,6.0
143,2,57,1.6277292233982488,0.28719293871809715,1.2798329006480087,0.16470762621542656,2.0
144,2,141,1.0938360782351473,1.909295810597745,4.21555465692286,0.0012812414164555808,1.0
145,2,51,1.0493633375013247,2.826574564767045,2.4352545689611462,,2.0
146,2,146,0.8111277239727192,1.9200852504284984,2.6481933935096618,0.25530235254052397,4.0
147,2,323,0.5482177703308686,3.1963276846294213,2.874134652821203,,3.0
148,2,150,-0.06100892914194666,2.890405533935141,9.784119826495802,0.4600556120539665,1.0
149,2,52,-0.3014440004666605,4.170368691093319,1.4778023432942236,0.015934481396973954,0.0
150,2,214,-1.040787599721865,1.3827954230948898,1.6419784416802603,0.6216508964586462,2.0
151,2,154,-0.5252055356577969,3.8022204561506165,7.623724709162782,0.4577732073516938,3.0
152,2,346,0.4481120110144232,-1.6054428624085182,6.122526433611872,0.10243000419083126,0.0
153,2,247,-0.14471081018257248,,0.45703437851941997,,5.0
154,2,94,-0.2697372144677215,0.7301543244011078,2.1769588374418727,0.4444107025356448,
155,2,345,1.726944537676263,4.851807890314588,4.2501833636407165,1.29314157940246,3.0
156,2,425,1.396050306295422,5.308507163516142,4.535531861225158,0.16694239308040526,2.0
157,2,353,-1.2785653225493079,4.830240279296792,2.2484387399480865,0.07821199720619676,1.0
158,2,192,0.4373969861462692,5.3987373466168815,1.3630007059875076,0.2347670865417659,5.0
159,2,443,-0.6839487542045379,,2.8781273633947064,1.5485826993104281,2.0
160,2,124,-0.5851971183584541,4.022848629093685,1.548453508091492,0.012224548844506078,
161,2,352,0.4726927997026586,1.5246741267007309,14.18747023880982,,
162,2,215,,5.208500654924416,0.7054567955951007,0.22515920825191627,3.0
163,2,437,-1.7994126101688583,1.0507509677584257,7.119661048001156,,1.0
164,2,386,1.7448805003196162,3.773637903753588,4.744836479036809,0.2919384219109924,0.0
165,2,435,1.034947337664569,2.0450091811438615,6.731576784274116,0.159809776637865,3.0
166,2,145,-0.2844837007481757,1.741921803612164,6.253113618714885,0.060974008037118825,3.0
167,2,274,-1.6173513806036928,0.6019941316165842,5.610569438494519,0.26242775492952863,4.0
168,2,209,1.4345229705962623,2.7884577528174406,2.5693144969103616,0.3848142379423509,1.0
169,2,191,0.5322442304121076,6.044597939317275,1.2386846889985237,2.2057992577679197,4.0
170,2,245,,5.599916777957713,2.8293697384470375,0.11852937466513767,2.0
171,2,120,-0.1540907741078752,,3.6216458956814335,,5.0
172,2,198,0.27634900116310807,2.015279773529043,1.9109069877398812,0.06806020129216361,2.0
173,2,84,0.7291773484426187,6.325110005628709,9.759178854312044,0.3226488182040288,2.0
174,2,485,-1.4062821817226174,7.15795119956259,1.6290609321630587,0.9559448448015831,1.0
175,2,471,-1.1927441718844705,4.730549131214904,1.681223617905943,0.12142872009600647,
176,2,399,-1.1020702678380334,2.1383356608317348,0.08352530241249641,0.1825745959187357,4.0
177,2,495,-0.6729011813086719,2.684893590916848,6.855063159203197,0.5951538220860668,
178,2,242,-0.8197408962452295,2.947681307841392,2.7213307053070497,0.060982836698343375,4.0
179,2,185,0.3230906120321295,1.656663767074191,,1.9512404865217798,2.0
180,2,341,1.9846635248323616,0.32824122456578264,0.9748095103224864,1.0779073273116158,1.0
181,2,1,-1.8851407989944176,0.6755667356618202,3.1633481250305704,0.010527449983623649,4.0
182,2,17,0.2875395472435618,2.162970674718088,1.340302963767085,,2.0
183,2,236,,5.107067719382718,2.4671049320602747,,5.0
184,2,162,-1.7364456236318588,4.989168825814702,5.082789395739215,0.22041450498442106,1.0
185,2,389,0.8318442982130101,,8.438468720408526,0.2223018507756616,2.0
186,2,81,0.1373549855371654,3.503706764500733,,0.5650264349870806,4.0
187,2,420,1.2336945010500062,0.3862713586732438,,0.27134826469208595,3.0
188,2,244,-0.8113496354579173,4.2105974861012525,2.4756330072545145,1.2562407940891769,3.0
189,2,262,0.2122947298506248,0.8607553472749072,2.113616663781814,0.3449678296691594,2.0
190,2,370,0.34496525953143964,5.170690845192702,3.0964231389347723,0.22013544657277093,5.0
191,2,224,-1.2987339625778085,2.348788416710456,,0.6824349177154021,4.0
192,2,176,,3.218022533618768,3.1598824601755067,0.14553997352470385,3.0
193,2,320,-1.7007845066270084,,3.0595531239791613,0.10162957794018634,
194,2,105,,0.9131074639013256,16.864047123216427,0.0430916759448563,3.0
195,2,250,-0.8954801657693747,,6.580288607267913,0.08159942226584738,3.0
196,2,264,-0.26112659860680365,-1.6333366684829798,5.867635852202379,0.18008251757509108,3.0
197,2,240,1.2042081654133272,4.7681629357595,3.919231364024449,0.3770711479619355,3.0
198,2,58,,7.519702345624998,,0.2672950957039242,1.0
199,2,403,-0.4896122663653642,3.828922205424784,2.8657567864874434,0.062497624558981675,
200,3,64,-1.8473589486865956,-0.07421262862072052,3.5779584761672165,0.7905581523140135,1.0
201,3,313,0.26266480207174725,2.7544603002557766,0.6888704127394168,0.93167539161713,2.0
202,3,405,-1.5111024858298665,3.852806418874436,2.4318398356869,0.011088845829434923,1.0
203,3,355,1.7034917018432894,4.749836079341278,3.3259635572376527,0.1436951729747218,3.0
204,3,455,1.7905957958574623,2.8899188469175296,2.196430580330293,,4.0
205,3,109,-1.5629358807230855,3.9253287315515935,2.972568230934045,0.1595569659951721,4.0
206,3,379,-1.6092161487715004,5.590472799010001,2.1547502579490048,,3.0
207,3,390,-0.13423682537561188,1.7054120536625152,3.4218685947866443,0.07084715007517106,2.0
208,3,107,0.031154589749931464,2.442096435478027,1.339512682731255,0.06194894034797605,4.0
209,3,225,0.8420550095961108,4.619891920323572,3.85987306772678,0.5555534201898784,3.0
210,3,430,0.6080945908152504,1.2120892755495014,1.9202548774566641,0.05050294483606299,4.0
211,3,382,1.2014493284679002,1.3742233748160193,3.4797956589043832,0.1276984684306064,5.0
212,3,429,0.031995868895246186,4.8484816555100645,3.1357501594541035,1.287596563530519,4.0
213,3,283,1.812554815641976,3.056370550612157,6.192729567254967,0.0970800999735757,0.0
214,3,397,-0.04799328385526769,3.1706329159198265,1.5427665229148575,0.06032730474778548,4.0
215,3,145,-0.28636586921167906,-0.4518882784977727,0.3117408929601627,0.2870816001236196,5.0
216,3,418,-1.2189308647106023,0.8719952228996051,3.1997252768271447,0.350474883817542,5.0
217,3,166,-1.0560232261466096,,3.378323563646556,0.17136024761620927,2.0
218,3,99,0.8394091432893425,4.465614784957875,1.7501072591359206,,4.0
219,3,14,-1.1040919073890991,2.7998832450588327,2.379930785796583,0.018012213590443027,5.0
220,3,365,0.7074848056888091,-0.5328976074376524,1.6279699496469069,0.003955507761909338,0.0
221,3,327,-1.0693487695457846,0.8737170674425409,4.509846688726516,0.005055261531241585,2.0
222,3,453,-0.5687925472039929,1.0469741043885308,5.089240634073086,0.06751722457622455,3.0
223,3,213,1.3906925442464877,2.228201424811289,3.7566338560296635,0.2344846929012769,5.0
224,3,200,0.8394251690860788,,2.3160893325008787,0.24004666442819397,3.0
225,3,495,-1.529833589304029,3.033633770911852,7.681057436934492,1.1511898236064528,4.0
226,3,244,-0.35331647257189797,4.02158349561697,,0.8235557902734936,2.0
227,3,1,-1.5054776896858426,3.571541369492908,2.66594484446526,0.14196060981519246,1.0
228,3,147,-0.4908038079835162,1.5806660371381345,2.6185203969191067,0.08803987694334148,3.0
229,3,303,-1.0573381761898086,3.545884812829562,2.170281392444588,0.05031839057666754,6.0
230,3,443,0.6989689107870798,0.6984218316662267,2.1747179855074705,0.3242149106780905,3.0
231,3,179,-1.2219683401205639,3.305708691806704,,0.9031679977725112,1.0
232,3,472,-0.9023736687251502,3.22319696367234,4.3764573631938335,0.7060855204887975,7.0
233,3,344,1.0802711606345867,3.0147578688313414,2.148483011060951,0.27159628968421123,3.0
234,3,370,0.27790970213040866,2.9356659534141434,0.3182877009341216,0.017243448295541475,0.0
235,3,240,,4.6168060338957595,6.4591278814409065,0.06950604736019894,5.0
236,3,259,,5.457474244394517,1.140266756721653,0.2596483218811412,
237,3,417,0.1642075134347838,4.2778102636276545,3.577907355389567,0.34001426558511083,1.0
238,3,373,1.36031456790948,5.574229868808385,6.94328274122521,0.5698831956482444,
239,3,146,1.8086340153885685,4.132403820038105,1.7665304805814068,0.17260075124005847,2.0
240,3,266,,4.3523499969056765,0.2861742017389476,0.09368122610553377,6.0
241,3,305,,0.9868417920603768,2.8411592763489164,0.20396102637416846,3.0
242,3,329,-0.42043801600193703,2.14665724810012,5.431337829128291,0.3614659478690605,5.0
243,3,73,1.4339558285590304,0.42103753035201,3.8476068921638857,0.04562563945879372,3.0
244,3,4,1.181049619872582,1.9026769788040947,2.8925553463550693,0.009352139979135863,4.0
245,3,286,,2.466780581391227,6.126690183603798,,4.0
246,3,447,-0.32580618019304364,4.991124764416194,7.770532444891836,0.30958681830139323,2.0
247,3,445,-0.5196135663718393,2.0261157777611887,,0.4570423067619682,6.0
248,3,402,0.23712730215399125,,1.2121224580022083,0.4541242865224036,8.0
249,3,16,1.4614299250716312,3.9528391901287994,1.8015439699836495,0.27263436446099143,
250,3,391,0.1118110108531094,,6.321545406451152,0.269490506813411,3.0
251,3,326,-1.4275376144293177,2.035616191814632,9.042918912662556,0.30951235852769604,2.0
252,3,40,-1.1021915204668402,3.656417403877634,1.4150946055329692,0.03681983969931957,1.0
253,3,337,,5.050275614017476,1.590238131976638,1.5396654511042631,
254,3,491,-0.06907328923804013,2.4352288421318007,1.0172642917873218,0.041142696193844815,3.0
255,3,89,1.4022215971182246,1.9577172747958,1.4805571074327086,0.5355733465555967,5.0
256,3,271,0.7504858114867191,0.21044502067061235,5.684029756238298,0.0038562903442904695,3.0
257,3,322,0.6037815223100114,3.063605024946928,1.129272076922007,0.25010973448727336,0.0
258,3,478,-0.11815390468678098,6.988316324452537,12.394256049413832,0.8286270940218927,5.0
259,3,401,-0.8478936934871864,5.710315979391759,2.6235528649495903,0.08593583685082584,2.0
260,3,483,-0.660726470169335,4.665255146525297,1.6213771023195338,0.09092811275376557,4.0
261,3,102,-1.842436109082393,0.4410814177530496,7.234383943916804,0.08645878546338004,5.0
262,3,330,-0.5438573485899458,3.718288452836308,4.258039522085976,,2.0
263,3,232,1.962956951009824,4.016407210046308,2.7433740870817025,0.23382933511179105,1.0
264,3,56,-1.9541637254322215,3.2742564980390703,,0.021240263193621267,4.0
265,3,420,-1.8454307962568883,,5.929506560583562,0.12989698961106244,4.0
266,3,128,0.4819717058706034,,5.7323166659615294,0.18781862994466225,4.0
267,3,428,-1.989943481139261,2.6013031039003085,1.098966257309991,0.028235067154164017,
268,3,51,1.576067988632575,5.310399230175328,7.286525062955092,0.06571500928037821,6.0
269,3,415,0.5939064903927869,2.5331229183601653,3.508920781836133,0.6855268449295651,5.0
270,3,111,,1.8073331573715428,2.6584861878908868,0.04106634807960097,
271,3,419,0.8571804131963972,4.000142844989083,6.111752634714983,0.5389960519947814,2.0
272,3,229,1.9412790478154498,5.23146430659745,0.7884329926894488,0.3249326155453316,2.0
273,3,456,,4.259047525973305,4.957753395903923,0.23373205342375925,1.0
274,3,204,1.0949810258120292,,3.3754861784372747,0.17429426796180425,2.0
275,3,222,-0.465184296250222,1.4118457274490248,,0.06689935095337551,4.0
276,3,3,-0.8663558269485736,,1.5639071475759578,0.05862644039520326,5.0
277,3,409,-0.31706938037517673,2.931118815430773,7.6710523271328945,2.925374184526655,
278,3,216,-1.7605257441897213,2.5098148403392817,3.131926812338813,0.16499301181840176,4.0
279,3,24,-0.5206288983810037,4.1685394908995965,0.8666689728076021,,5.0
280,3,422,-1.3977671119505417,4.8399996487647865,1.9970444426995124,0.3245085993849881,4.0
281,3,31,,2.6773368184858315,0.98350132896201,0.02620088357341688,5.0
282,3,425,1.5998901096640463,0.6840289077086625,,0.07054001280114464,3.0
283,3,314,-1.4917566509173437,3.310957731071471,,2.2359959024912364,4.0
284,3,116,0.7817111999684316,3.7164350786832623,4.170310124407476,0.06319654234227158,3.0
285,3,92,0.6375509418673929,4.842804528834929,2.5363276869693587,0.05220670781088721,3.0
286,3,320,-1.5914948147345769,0.608475943863481,1.432997378270976,0.13195001914583693,2.0
287,3,47,-1.0153490532100533,5.29096590749062,2.1441087145544766,1.4622408928398618,3.0
288,3,371,-0.6258760522420252,3.2490469563077644,2.2011115880524463,0.005813698180095361,2.0
289,3,227,1.6502750219605455,,,0.13617108901798725,2.0
290,3,363,-0.21466784467008093,-0.9019708423576138,,0.4190468414586941,1.0
291,3,385,-0.8697497166197903,,10.060675108674399,0.08098524737837587,3.0
292,3,17,,5.4973207089813085,0.5369101580163144,0.7964536792654402,3.0
293,3,468,-0.462468586206561,1.6680936964874964,7.271773202071817,0.9011088955620998,4.0
294,3,80,1.0077499495752391,,2.338557697672515,0.3950054566712911,1.0
295,3,148,,,6.492260308421966,0.5195487092783073,
296,3,198,-0.8041080797844042,3.45400739941311,1.875598463581705,,0.0
297,3,243,-0.6616082821733351,2.997882179686828,3.8668810189746416,0.19862511414493067,2.0
298,3,192,0.554024775579177,0.456436040037933,1.5998603386151262,0.12907469239368607,5.0
299,3,282,,4.093835593924704,3.8141337607262105,0.0101427017859963,8.0
300,4,230,-0.07131752402829061,4.330673094800263,2.5770710812781523,,4.0
301,4,438,-0.4579158436494826,2.9702046704992,3.002032346214384,0.3880272144310075,3.0
302,4,291,1.5485159825706885,1.5608204278345932,1.4320887662468234,0.12430030869974094,1.0
303,4,456,-1.0941493642997733,4.449524756176508,7.785164478454906,0.10352510186026498,
304,4,187,-0.31381234428539484,1.5280828357493497,12.379654472032303,0.15743211930763312,3.0
305,4,303,-1.3019283814807872,2.001728632345362,6.61159835650359,0.1998711005309504,1.0
306,4,381,0.2973780932542493,1.8059521825792415,1.473107325598647,0.08939916033314077,5.0
307,4,379,,2.8766519142875597,1.9480176197036445,0.08009930338506055,
308,4,207,,3.321680445692371,6.000202763163575,0.3115032315280779,6.0
309,4,219,-1.756533242009017,4.81189286838255,4.351818452716263,0.6467735042193512,1.0
310,4,183,,,3.5388322607921983,0.15970560689957947,3.0
311,4,12,-1.092478220292716,-1.689677209976896,1.4350364233228017,0.4195832415620089,2.0
312,4,141,-1.1731171734573316,1.430116393387199,9.652640663155156,0.2132906682975948,7.0
313,4,481,-0.9219083424680375,3.3298969846715862,2.2164644664829787,0.152873814790059,0.0
314,4,401,-1.984710996928209,-2.4573150051335158,1.3754519218443129,0.3742803119445208,7.0
315,4,104,1.3738356972081949,1.4328863527434323,1.2853294310123964,0.11132230119413022,0.0
316,4,360,-0.7257764837983833,2.955998840339013,1.6280641281356902,1.2981332066009577,1.0
317,4,175,1.2255857844541782,3.601226242149949,0.6372467410601378,,3.0
318,4,139,,3.6207591759169815,3.059281857743884,0.0018388037042780245,0.0
319,4,347,-0.8653651664881434,5.434376596280229,2.3547199009136213,,3.0
320,4,314,1.8274764654185445,4.706936819471516,3.0392944161142768,0.08057487023758636,4.0
321,4,254,1.9252162904251224,7.155843499729822,4.350848973472837,0.5046258093916105,6.0
322,4,138,1.1685025355642658,2.8424752291394304,5.345562423967858,0.6100957532335487,2.0
323,4,188,0.5679069644247399,2.5090831663213007,3.083714454742223,0.3176767698019525,3.0
324,4,278,-0.45550830829385797,1.2665629306476376,6.7510327609874246,0.1695390088038411,
325,4,14,,2.2649079097477447,1.5930067731844575,0.16298433204780238,3.0
326,4,96,0.044659399834667816,1.2751321079511946,3.0726963964357505,,1.0
327,4,415,-0.6093681126742014,3.6978916852216654,,1.670038723783216,2.0
328,4,6,-0.302177934596608,2.8777689040866785,,0.11748694771807665,4.0
329,4,169,1.7185130805609072,2.4854227389013723,2.466437015420233,,4.0
330,4,44,1.461446216676007,,2.91047412687315,0.1211583970809964,2.0
331,4,26,-0.5410561099724811,6.857637917855473,1.855898309000296,,1.0
332,4,57,0.2625904474425629,3.192040507413936,0.9189034523271076,0.11964269222419932,4.0
333,4,24,-1.113176068501044,2.840276867691878,3.349509783597377,0.3777284885522878,3.0
334,4,40,0.9956618727154708,3.7219290102525067,,0.20945084892475974,
335,4,392,1.1600301805720346,3.634264461004949,6.35610725746345,2.8591753134480467,3.0
336,4,391,-1.2745336760127088,2.3883373872056346,0.9774057323367554,1.9964817132742136,6.0
337,4,156,-1.8036353471210125,3.667047237932205,,0.0917058468062486,0.0
338,4,338,-1.384632075328927,0.7529794556672669,0.8297216819211584,0.17519356655220442,4.0
339,4,343,0.6693600851059398,1.6398354322626068,,0.010030529536864785,1.0
340,4,171,-1.9713946272060672,3.731639287246816,6.312050488606065,0.5522205960189104,
341,4,223,-0.26786059485634883,1.0621119205711764,5.713586717882782,0.05836253299096272,3.0
342,4,354,-1.8551379916294295,0.3595641123025017,6.0296331076789995,0.09055983174675286,2.0
343,4,420,-0.7109469211871815,,1.8360087407287733,0.14688434731170094,5.0
344,4,416,-1.1171435514745762,3.4155862305746694,3.885883379993439,0.6993527645350981,2.0
345,4,29,-0.23902423678734586,1.7141448680684317,3.1522703277229565,0.17079410580176746,0.0
346,4,372,,2.066452818716016,0.5446133875667937,0.5521048425065425,4.0
347,4,128,,2.8372380416012635,1.4699728903595501,,2.0
348,4,194,,5.8582540050416325,1.6383609451887102,0.4363907753160001,1.0
349,4,316,,0.0716616989815484,3.218559143482272,3.0225290229752417,1.0
350,4,216,-1.3877655641237912,1.5793610818653132,3.7936975234699535,0.5902146271748236,1.0
351,4,173,0.39613790025149204,4.65522045949268,2.793509121328918,,2.0
352,4,492,1.9988979648475944,6.882135848624152,0.2201723211505792,0.01361264086631242,6.0
353,4,89,1.844923168650269,4.187669724655351,6.286480769105648,0.2771758449669301,4.0
354,4,97,0.8105675728246187,0.8662281009708277,3.8822086391458943,0.4412339757936945,3.0
355,4,375,-0.9527364326264872,0.4771892676856466,4.3776612255493585,0.20798021727359986,1.0
356,4,4,1.6102446363346499,3.7528731886519986,4.450223931744169,0.18554590140640936,3.0
357,4,494,,1.711117086928136,0.8096411449299754,0.07800183499661227,6.0
358,4,112,-1.5976762106502729,7.892294321040603,3.838542279776873,0.02357109357452636,2.0
359,4,476,1.787708239109262,6.3805019323933,2.1107500183997248,0.3381522826140209,4.0
360,4,48,1.8459789996242066,2.7058605344362827,4.081538556260662,1.2599289896677393,6.0
361,4,259,0.5446512453854626,3.583661908479223,2.9314944063922903,0.11525762926497166,3.0
362,4,23,,0.9496815871382832,2.74572498334808,0.13712167077814594,3.0
363,4,455,-1.7817848734695445,2.0993838475637108,2.7338691165750824,0.8485888070058984,1.0
364,4,472,-1.193054005666904,1.0491384433593711,10.148635871060431,0.09432177169845546,
365,4,244,-1.5870802648210385,0.3292269656283016,4.247239644352727,0.32118463241672623,4.0
366,4,35,1.0839052988158384,3.7269915791788364,10.196117422298908,0.15844344547223232,1.0
367,4,352,0.6444519442895551,4.441941799204446,1.894787213927884,6.42340677019515e-05,
368,4,197,0.4982404660788205,4.29743713272483,4.8563148356350805,0.5256770027701578,2.0
369,4,117,,,,0.2955050869894502,3.0
370,4,73,-0.9297558872061592,,1.7472141613290075,0.062242905716941126,4.0
371,4,176,1.816332095708061,0.4507855887330057,2.9360596246932738,0.07669699538053365,3.0
372,4,92,0.126481705723696,4.8770532337947134,1.3164275884166154,0.07209773442931677,1.0
373,4,95,1.8452127446396789,-1.3804139435219414,6.619092932069527,,1.0
374,4,215,-0.16520228279642613,2.8058940035810647,1.1675044692386392,,0.0
375,4,245,1.8556240095128496,-0.6628585327789449,5.414181732493203,0.010428395813542045,2.0
376,4,374,1.4989205543238369,0.3290369260853656,2.331327836571824,0.3320771941225147,3.0
377,4,163,1.7582229325661616,,5.871731872570818,0.022987343460531884,0.0
378,4,172,-1.0575630746962874,4.0525705800237235,4.680038544105682,0.13303643219797245,1.0
379,4,376,-1.5360735009726536,2.586971785419601,7.69841178640336,0.018531832260539227,1.0
380,4,247,0.01975016014959552,3.4696118461633465,2.933916995820858,,
381,4,423,-1.2610317212770208,0.6703921270338564,4.951274777684908,0.16818753134541198,5.0
382,4,262,1.6513256486775305,4.028111512252127,1.4604367418223232,0.4927965163673889,2.0
383,4,65,0.7545199303765329,1.1622876810386236,1.8770887853573857,0.026102448460208597,
384,4,204,-0.27788924705975626,-0.13168345003966395,0.91951649850368,0.07011997886399479,6.0
385,4,449,-1.867964106401112,3.665018272105201,0.6336330830365,0.12611581554251172,7.0
386,4,166,,8.188722642916165,8.84060583756918,0.4797477599577871,1.0
387,4,378,1.4145605939809864,0.7952540335576774,,0.2952389521713017,1.0
388,4,328,0.3719161477103707,3.773127718673456,3.71825105021096,0.03519618681908576,1.0
389,4,85,1.84962499150044,1.9382841635834112,,0.29121461661965165,3.0
390,4,131,-0.8025399046387687,2.4812874479488203,4.089496524002438,0.21960115297264424,2.0
391,4,17,1.669934915030808,2.636321547958421,9.579090065469114,1.5917462177699253,4.0
392,4,385,-0.7414337336375652,1.6044190332495578,7.93733215042005,0.8133103602002354,3.0
393,4,159,1.3758991998236816,3.7828513418894367,8.531483939284936,0.200443294901554,4.0
394,4,469,0.5301382015720422,1.0514508149895945,3.608829840632267,0.4536022477754758,5.0
395,4,433,-1.5811162608999785,,6.4934385505327405,0.2538742686386579,1.0
396,4,209,-1.9458138324864145,1.238734153575197,5.941680683739339,0.5630065301900464,3.0
397,4,86,0.13828692924338082,5.63083671050255,6.610067442261608,0.4443118045944015,7.0
398,4,83,0.6051010987640884,2.70416588870828,7.042520615178332,0.6373144587895108,4.0
399,4,154,-1.1514186577459733,2.2030902847881872,,0.6489495198113961,1.0
400,5,63,1.185525393136893,2.7787246663818324,6.887346157207407,0.06864045303840682,
401,5,430,0.025826151129257013,3.6593920732048164,5.112916781182374,0.5268979483097129,2.0
402,5,148,-1.8534305369560105,6.071738449808329,5.87857175490846,0.27539677300827736,2.0
403,5,64,1.6005435562150099,4.485863475772186,6.206349116119197,0.10856250070377138,1.0
404,5,466,-1.5876966504101129,,4.478989014289133,0.02512208848114672,2.0
405,5,214,0.2340160322009055,5.350858386785029,,0.43084546111915506,9.0
406,5,45,-0.4266170080514162,1.3647871051777969,2.5266499035173653,0.01487155022519504,2.0
407,5,195,0.06178191355933605,1.9242740197053796,,0.03251974699709504,3.0
408,5,232,-0.645522491414694,2.2004521504823744,11.460510621558427,0.6742625892895582,1.0
409,5,47,0.1599393816607928,3.544874897409644,2.4915957866490968,0.4924588879762273,5.0
410,5,284,-1.432630721220395,1.1703369891917776,,0.2212468811612516,6.0
411,5,24,-0.5917428733656247,1.5595545564861042,,0.08597042290955703,
412,5,340,,,1.4340118724450868,0.3088833728989537,1.0
413,5,279,0.3083585264778712,2.1524188456091453,5.0095611476122,0.26043645190841924,4.0
414,5,388,0.09660840003745984,3.5311835564536183,5.027215143853165,0.1772197107602005,
415,5,222,-1.9371541658139095,7.3910563944027805,6.861408355029641,0.24741979861599786,3.0
416,5,445,-0.8862155362636721,2.267912077750477,1.7068286271375674,0.028252421012828318,5.0
417,5,94,-0.713898926922881,4.663819896957731,1.2519297398881308,0.2273760610743181,3.0
418,5,320,0.680674312738085,-2.2818678970886,,1.11879023605105,2.0
419,5,426,-1.9463564699659268,2.630624106900191,1.8870985778765634,0.6299324746475328,1.0
420,5,454,1.8514951933793717,0.6509322229583607,1.7406526293260982,0.27129011001095416,2.0
421,5,210,0.7329729079383065,5.276008206264942,2.281448290540578,0.1549423591546506,1.0
422,5,389,-0.5888051323939938,1.0942512800862114,1.7070032961450996,0.47426224247572707,
423,5,398,1.8696149016541816,2.3379204499404755,4.715492483532184,0.27964716624845565,4.0
424,5,71,-0.1533164359133643,,0.6497715923242499,0.10793093008535593,3.0
425,5,351,-0.23884168166202224,0.7185508388244184,,0.06378175739140635,2.0
426,5,56,-0.16479868050732938,-0.3411717721293748,9.266589244873137,,5.0
427,5,190,0.6553996942159928,4.965648280325392,1.5748790871367389,0.045846714582623786,6.0
428,5,319,-1.0807509014994343,,,0.6193984641671506,2.0
429,5,302,-1.6977877523817422,6.477528108450582,10.51821555021504,0.08633420929027014,4.0
430,5,285,-0.3239251310318609,0.39732325591337947,4.217010491160901,0.3470878455885007,1.0
431,5,13,-1.3462496731015443,1.5536100746915829,,0.128395433618961,4.0
432,5,119,-0.9311534739884966,3.6869250910291647,3.3588614641672003,0.0004285145229090404,
433,5,163,-1.723337348461245,2.2480915373647465,2.8987835084824467,,4.0
434,5,355,-0.7100199746876101,1.6478679612432892,5.64420064021587,0.8779776468661662,3.0
435,5,287,1.5713543289878626,4.487364731574445,3.7956443995771467,0.536491576873606,3.0
436,5,301,-0.11202004463471926,3.348011958145672,5.243491164643945,0.3995802583476955,3.0
437,5,152,1.5854651269452569,5.593605203874796,9.131449934426312,0.31293092224522057,3.0
438,5,196,0.8460886688285587,6.790798678188142,1.6724241518643976,,3.0
439,5,451,1.58731290903101,3.748860943776633,1.0930709572030972,,4.0
440,5,360,0.16115734481721544,,2.2999966621777834,1.608530476408797,5.0
441,5,33,0.2640547216919886,4.378401782317574,10.276791561332084,,1.0
442,5,435,1.2820131012392069,4.021087246921875,1.6060181543120486,0.14164173122517187,1.0
443,5,208,1.5671398007605817,3.0642733001454854,0.9070430461031548,0.1252644175142228,2.0
444,5,88,1.3323397417912637,0.6896075122762572,4.4758486760496465,0.004447263708444949,2.0
445,5,236,-1.4210604085284122,,11.971183399357493,0.045926951582657034,2.0
446,5,482,-1.868859346198703,4.351202031051055,0.9500261005262306,0.0288103453064128,4.0
447,5,175,-0.2543813763649769,2.4571841367630327,2.533389377548888,0.16020948863097284,3.0
448,5,7,,,5.3119762058482305,0.5868843070860719,3.0
449,5,269,-0.863637077581294,3.373729224455992,1.9171512658721248,0.20978007191556336,4.0
450,5,263,0.5806330495014937,5.3232439792607655,5.56509037579499,0.09657374768572446,5.0
451,5,476,1.2303822682867371,0.7852659077323207,2.0825871489444734,0.13051494294307694,6.0
452,5,333,-1.1582860859693729,6.016880069263411,3.3210152194834595,0.35395679157714177,3.0
453,5,36,-1.8232790598942468,2.60211571078467,4.947639525376788,0.017894346581089016,
454,5,127,0.5514192802053257,0.4292337974806646,1.222363818151969,0.07929998926728166,2.0
455,5,364,-1.3513832518450766,4.538582815150613,0.5906334569157552,1.259944972948604,2.0
456,5,29,0.7278403363130832,3.2795076327865504,4.55911215898449,0.07809136722580967,4.0
457,5,66,-0.14089703813700494,3.5444309197192885,0.5042707802754127,0.4507794637441247,6.0
458,5,339,,6.932940655078004,2.9823181506522887,0.5397649897732615,1.0
459,5,436,0.6160011106117764,6.431639999332414,4.122102224545207,0.3714180911517211,2.0
460,5,378,-0.13140736570270972,3.7553167672778978,2.4086410367289464,0.03420074447006494,3.0
461,5,131,0.0923917002590815,0.4440412019086293,2.672536307785706,0.2664241344392788,3.0
462,5,223,-1.5234473696846769,2.0813791245317863,1.924165369810703,0.014116045046222547,3.0
463,5,31,-0.1532546680147764,1.8453944380976,2.4324698336674904,0.453909759940669,0.0
464,5,133,-1.3848955396053624,5.116662279973724,4.166314879397293,0.1514736725862904,2.0
465,5,449,-1.8065635427038136,3.62707073917631,4.828810352435836,0.08574463725257142,3.0
466,5,416,1.0024380787752598,5.040225926430008,5.25402831052593,0.11527854330249475,1.0
467,5,105,-0.06914246024892322,3.7228473282793053,3.4410220420465696,0.3658491009623059,
468,5,55,0.5002058878922058,3.8266831137526465,0.9166953949521178,0.17816888709032952,2.0
469,5,43,-1.3504252127429652,,9.664960644080088,,
470,5,204,1.2510054764467018,6.122934858404103,2.3166412003366035,0.02569322018096698,5.0
471,5,254,0.5245291520390452,,11.519939716892633,0.08735590232275436,5.0
472,5,197,1.1611632700403465,,9.59820438453776,0.021204932588157144,4.0
473,5,59,-1.3950661772517634,2.184508812495732,5.321862982809552,0.3536106632899085,3.0
474,5,327,-1.0966578124626407,3.143224084291252,1.0810326707334663,0.7192942271417322,5.0
475,5,485,-1.6871762302334448,1.3463077019794405,1.9252230675654372,0.17584805208464216,2.0
476,5,314,0.2759624626814454,,1.3926086917694738,0.1602405163448677,4.0
477,5,356,,1.0526792793589552,,0.22502891899409086,2.0
478,5,123,1.0962218646267394,0.10856706341672062,1.5023216327698796,0.13040416961252133,2.0
479,5,266,-0.3250799239511002,4.7102461956373665,1.9079927450956409,0.2433754377217139,2.0
480,5,69,-1.6451161639117813,-0.8601187749249215,0.41320930248176096,0.5712621304674679,4.0
481,5,286,-0.5482763659714909,2.4403916976350657,2.554122593083177,0.23673935745705954,4.0
482,5,138,-0.20478609697054706,5.725900862138842,0.9484538115298402,0.10615056369506236,0.0
483,5,478,1.9172287566326929,2.4203733908325367,1.7516897341944309,0.008226540614726606,3.0
484,5,271,1.8734940632337893,2.9324830329457985,1.612510236889836,0.19786098591234505,1.0
485,5,50,0.659489389818265,-0.4602833620761677,4.102237514921606,,2.0
486,5,274,-1.565789841789457,4.566572210672402,4.6704618686940815,0.03253995189988235,3.0
487,5,65,-1.1627581279737336,3.3333393842887755,3.0391880415079537,0.26649266920262105,2.0
488,5,212,1.5188982514770215,2.852653656394203,3.1285370868455367,0.0171656818693664,7.0
489,5,116,-0.4502543167275945,,,0.008946630823807755,7.0
490,5,309,0.3737206136824432,4.763401489728316,8.26404084117115,0.15512691130887668,2.0
491,5,166,0.005231618482770539,6.256357813082656,,0.05377625954961274,5.0
492,5,425,0.25448399989076576,4.342414239832961,,0.4219565492993722,2.0
493,5,86,1.0508743140512338,3.4443433433177484,4.7820139415125045,0.3424695888386404,
494,5,374,0.24232461860212995,,2.9080525978314165,,2.0
495,5,288,-0.1788556032896893,,4.92693225126382,0.2269121214312604,1.0
496,5,240,-0.5313766767752129,4.953875595765932,6.6923877040827096,0.0008181240889513218,1.0
497,5,460,,5.509824245923164,6.903855393285282,0.11070285968400716,1.0
498,5,326,-1.0251248081109208,,2.9977227683391034,0.0430713876642308,4.0
499,5,110,,6.814041974310382,4.173870128269387,0.10604515590756458,2.0
